INSERT INTO recept (_id, naziv, priprema, vreme_pripreme, kalorije, omiljeni, slika, id_tip) VALUES
(1, 'MAGICNA POSIRANA ЈАЈА, GNJECENI AVKOADO I TOST SA SEMENKAMA', 'Stavite 30 ст kvalitetne plasticne folije povrh radne povrsine i premazite s malo maslinovog ulja. Sitno iseckajte polovinu ljute papricice (odstranite јој semenke ako tako vise volite), pa stavite u srediste folije, a onda pazljivo razbijte jaje preko. Spojite ivice folije i, sto је veoma bitno, pazljivo istisnite vazduh oko jajeta. Vezite ivice folije u cvor, da se jaje ne bi pomeralo s mesta. Ponovite postupak s preostalom papricicom i jajetom, pa odlozite paketice u stranu. Stavite serpu s vodom na srednju vatru i sacekajte da prostruji.\n\r\nNakonsto im malim ostrim nozem odstranite peteljke i deo oko njih, spustite paradajze u zagrejanu vodu na samo 40 sekundi, pa prebacite u hladnu vodu, a onda ih oljustite i isecite na osmine i usput odstranite semenke. Stavite ih u ciniju i prelijte kasikom ekstradevicanskog maslinovog ulja. Oljustite i krupno narendajte luk, pomesajte s paradajzom, pa po ukusu dodajte morske soli i crnog bibera i nacedite sok od polovine limete. Posirajte јаја u prostrujaloj vodi - oko 6 minuta ako zelite da budu rovita i1i duze ako zelite tvrc3a.\n\r\nU meduvremenu oljustite avokado, odstranite mu kosticu i izgnjecite ga zajedno sa sokom od druge polovine limete i zacinite po ukusu. Istostirajte h1eb, pa ga premazite izgnjecenim avokadom i preko stavite po kasiku paradajza s prelivom. Odmotajte jaja i stavite ih povrh svega, pa na kraju pospite listovima korijandra.\n\r\n', 10, 258, 0, 'https://graficketable.com/wp-content/uploads/2020/12/Scan_1-300x300.jpg', 1),
(2, 'SMUTI PALACINKE OD BOBICA, BANANE, JOGURTA I ORASASTIH PLODOVA', 'Izmiksujte polovinu kolicine borovnica i1i malina, oljustenu bananu, mleko, јаје i brasno u blenderu da biste napravili testo za palacinke. Prebacite testo u ciniju i umesajte u njega preostale bobice. Stavite veliki tiganj s nelepljivim dnom na srednje jaku vatru. Kada se zagreje, sipajte onoliko testa koliko vam odgovara, u zavisnosti od toga da 1i zelite velike i1i male pa1acinke. Pecite ih po dva minuta sa obe strane i1i dok ne porumene i ne postanu hrskave. Ja ih, nakon sto porumene, ресет jos ро 30 sekundi i s jedne i s druge strane da bi bile sasvim hrskave. Mozete sluziti jednu po jednu, kako ih pravite, i1i sve odjednom kad zavrsite.\nPre serviranja volim da ih uzduzno presecem napola, da bi se videlo sve ono divno voce unutra, kao na slici. Prelijte kasikom jogurta, pospite cimetom i tostiranim orasastim plodovima i prelijte s malo meda.', 20, 357, 1, 'https://graficketable.com/wp-content/uploads/2020/12/Scan_2-300x300.jpg', 1),
(3, 'SVILENKASTI OMLET SA SPANACEM,PARADAJZOM,PARMEZANOM I RAZANIM HLEBOM', 'Ovaj omlet se sprema veoma brzo u dobro zagrejanom tiganju. Kadaje tiganj dobro zagrejan, omlet se nece zalepiti za dno. Ovaj omlet se sprema ocas posla, tako da ne stize da potamni, sto ni ne zelimo. Dakle, ubacite razani hleb u toster. Stavite tiganj precnika 30 ст na jaku vatru, sipajte malo ulja, koje cete potom papirnim ubrusom razmazati po tiganju.\nKada se tiganj dobro zagreje, mutiteјаја 10 sekundi u ciniji, ра sipajte u tiganj i rasporedite tako da prekrije citavo dno. S visine ravnomerno narendajte parmezan povrh jaja, a onda iskljucite ringlu. Om1et се u tom trenutku vec biti gotov. Gumenom spatulom paz1jivo odvojte omlet od ivica i preklopite napola, a potom, ako zelite, mozete таlо da ga urolate i1i da ga preklopite jos jednom i1i dva puta. Ako vam rolanje i preklapanje predstavlja problem, setite se kako izgleda lose presavijena maramica i dobicete zeljenu teksturu. Na tost naslazite listove spanaca, ра preko stavite omlet i nekoliko kapi cili sosa. Као prilog posluzite seceni paradajz zacinjen s таlо morske soli.\n U omlet mozete nacepkati sveze zacine, poput origana, persuna i bosiljka, i1i narendati neki tvrdi sir.\r\n', 10, 259, 0, 'https://graficketable.com/wp-content/uploads/2020/12/Scan_3-300x300.jpg', 1),
(4, 'SUPLJIKAVE PIROSKE SA SIROM, SUNКОМ, PECURKAMA I PARADAJZOM', 'Sipajte brasno u ciniju i umutite s jajetom i sirom. Sitno iseckajte sunku, para- dajz i pecurke, pa dodajte testu zajedno s jacim prstohvatom morske soli i crnog bibera i dobro promesajte. Stavite veliki tiganj s nelepljivim dnom na srednje tihu vatru. Kad se zagreje, sipajte punu kasiku smese, jednu pojednu, tako da dobijete sest piroski. Priite nekoliko minuta da fino porumene, pa ih okrenite i nezno ih spljostite spatulom do 1 cm debljine.\n Kada porumene sa obe strane, nakratko ih izvadite iz tiganja i iskljucite ringlu. U tiganj fino sitno narendajte parmezan, koji се se istopiti, ра preko poredajte piroske, sacekajte da parmezan pocne да cvrci i porumeni od toplote tiganja, a onda spatulom nezno gurnite malo parmezana ka svakoj piroski. Kada hrskave piroske mogu lako da se odvoje od dna tiganja, izvadite ih na dasku.\n Као prilog posluzite grcki jogurt prosaran cili sosom i rukolu s limunovim sokom i uzivajte!', 10, 189, 0, 'https://graficketable.com/wp-content/uploads/2020/12/Scan_4-300x300.jpg', 1),
(5, 'UKUSNI SUPERPROTEINSKI HLEB BEZ PSENICE I GLUTENA', 'Unapred zagrejte rernu na 190°С. Ob1ozite duguljasti pleh zapremine 1,5 1 papirom za pecenje. U bokal sipajte 375 т1 mlake vode, dodajte kvasac i ulje i dobro promesajte viljuskom, ра ostavite da odstoji 5 minuta.\n Stavite brasno, mlevene bademe, sve semenke i prstohvat morske soli u veliku ciniju i napravite udubljenje u sredini. Unutra dodajte sitno seckane listove ruzmarina, jaja i marmit (nemojte ga koristiti ako zelite hleb bez glutena), umutite te sastojke, a potom im dodajte i razmuceni kvasac. Dok mutite, postepeno sjedinjujte s okolnim brasnom dok sve lepo ne sjedinite - dobicete masu vise nalik testu za pa1acinke nego za h1eb. Sipajte u pripremljeni pleh i ravnomerno rasporedite.\n Sada imate dve opcije - moaete da pecete odmah, ako zelite da dobijete vazdusastiji hleb fantasticnog ukusa, i1i da ostavite u frizideru preko noci, da bi se izdvojile nesto kompleksnije kisele arome. Obe varijante su sjajne. Pecite u rerni na srednjoj resetki oko 45 minuta, tj. dok ne porumeni - znacete daje hleb pecen kad bocnete cackalicom i izvuceteје a na njoj nema ostataka testa. Prebacite na resetku barem na 20 minuta, da se ohladi pre nego sto ga posluzite.\n', 70, 213, 0, 'https://graficketable.com/wp-content/uploads/2020/12/Scan_5-300x300.jpg', 1),
(6, 'ZDRAVA CEZAR PILETINA, STRAVA SALATA NA TRACICE I KRUTONI', 'Sitno narendajte limunovu koru i parmezan u ciniju. Dodajte seckane incune, jogurt, senf i vuster sos. Nacedite sok od polovine limuna, dodajte 1 kasiku sirceta i 2 kasike esktradevicanskog maslinovog ulja, pa promesajte da napra- vite preliv.\n Sada cete obicnu salatu pretvoriti u fantasticnu - i1i cete primeniti va`su ve- stinu seckanja nozem, za sta се vam trebati vi"se vremena, i1i cete,ako zelite da sve bude lakse, elegantnije i preciznije, upotrebiti rende za povrce (koristite stitnik!). Najpre oljustite i veoma sitno iseckajte luk, pa ga umesajte u preliv. Poskidajte i bacite sparusene spoljne listove karfiola, pa ga veoma sitno iseckajte. Rucno sitno iseckajte rimsku salatu, paje zajedno s karfiolom nasla- zite povrh prelivenog 1uka. Promesacete neposredno pred serviranje.\nStavite tiganj na srednju vatru i sipajte 1 ka"sicicu maslinovog ulja. Pospite piletinu listovima ruzmarina, pa je blago zacinite s obe strane i nezno је spljo"stite dlanom. Przite ро 4 minuta s obe strane, odnosno dok ne porumeni. Isecite hleb na kockice, ubacite ih u tiganj pored piletine i przite ih, uz redovno mesanje, da ravnomerno porumene. Izvadite ih iz tiganja kada budu superhrskave. Promesajte salatu i zacinite је po ukusu, isecite piletinu i posluzite uz krutone i uz kri`ske limuna za cedenje\n', 25, 418, 1, 'https://graficketable.com/wp-content/uploads/2020/12/Scan_6-300x300.jpg', 2),
(7, 'SJAJNA MEKSICKA SUPA OD PARADAJZA SA SLATKIM KROMPIROM, FETON- I TORTILJOM ', 'Unapred zagrejte rernu na 200°С. Operite slatki krompir, odsecite bocno komad debljine 1 ст tako da ga mozete stabilno poloziti na podlogu, pa ра°zljivo sve isecite na kolutove debljine 1 ст, a onda svaki od njih na stapice debljine 1 ст. Pospite 1 kasicicom ulja i mlevenim korijandrom, ра blago zacinite morskom solju i crnim biberom. Pecite u rerni 30-35 minuta, dok krompir ne omeksa u sredini i ne potamni po ivicama. U rernu stavite tortilje na 5 minuta, da postanu hrskave. \n Vi za to vreme ocistite mladi luk i sitno ga iseckajte zajedno s papricicom (odstranite joj semenke ako zelite) i stabljikama korijandra. Isecite paradajz na cetvrtine. Polovinu seckanog belog dela mladog 1uka, polovinu seckane papricice i sve listove korijandra stavite na manji tanjir i ostavite za kasnije, a ostatak sipajte u veliku kastrolu s 2 kasicice ulja i stavite na srednje jaku vatru. U to izgnjecite beli luk, proprzite 2 minuta, pa dodajte paradajz. Ubacite leblebiju sa sve sokom, prelijte s 600 т1 vrele vode i poklopite. Krckajte 20 minuta, pa zacinite ро ukusu. Izgnjecite paradajz, pa sve ostavite na sasvim tihoj vatri, da ostane toplo dok se ne ispece krompir. \n Da bi bilo spremno za serviranje, nadrobite hrskave tortilje u supu, dodajte peceni slatki krompir i polovinu listova korijandra i pazljivo promesajte - tortilje се upiti sve divne sokove i dati jelu divnu teksturu. Zacinite po ukusu, ра preko krupno narendajte fetu, pospite sacuvanim seckanim lukom i papri- cicama i preostalim listovima korijandra, pa posluzite uz kriske limete. \n', 45, 596, 1, 'https://graficketable.com/wp-content/uploads/2020/12/Scan_7-300x300.jpg', 2),
(8, 'IN TEGRALN I SPAGETI S BROKOLIJEvI, APRICICOM I LIMUN ОМ', 'Skuvajte spagete u serpi s prokljucalom posoljenom vodom u skladu s uput- stvima na pakovanju. Dok se one kuvaju, oljustite i sitno iseckajte beli luk, pa ga zajedno s 2 kasike ulja stavite u veliki tiganj s nelepljivim dnom na srednju vatru. Unutra sitno narendajte koru od polovine limuna i dodajte ljuspice cilija i incune. Proprzite nekoliko minuta, a vi za to vreme ocistite brokoli i sve vece stabljike uzduzno isecite napola. Dodajte u tiganj brokoli i kasiku vode u kojoj ste kuvali spagete, poklopite i ostavite 5 minuta, dok ne omeksa. \n Hvataljkom prebacite spagete direktno iz vode u tiganj i sve dobro promesajte, sa sve sitnim sirom. Unutra iscedite sok od pola limuna i, ako je potrebno, razredite s таlо vode od spageta, pa rasporedite na 2 tanjira. Preko toga narendajte malo limunove kore i pospite prstohvatom crnog bibera.\n', 15, 438, 1, 'https://graficketable.com/wp-content/uploads/2020/12/Scan_8-300x300.jpg', 3),
(9, 'МОЈЕ UKUSNE ENERGETSKE KUGLICE SA KAJSIJAMA, DUN-BIROM I INDIJSKIM ORAHOM', 'Мој nutricionisticki tim i ja vredno smo radili na stvaranju ovih superhran- ljivih kuglica izbalansiranog ukusa - uzmite dve kuglice za uzinu i to се vam dati dovoljno energije izmedu obroka. U tiganju s nelepljivim dnom bez ulja na srednjoj vatri, uz povremeno protresanje tiganja, istostirajte indijski orah i semenke susama da blago porumene, a onda prebacite u tanjir ostavite da se ohladi.\nU multipraktiku sameljite u prah 40 g indijskog oraha, pa prespite u zaseban tanjir. Stavite u multipraktik preostale orahe, semenke susama, kajsije i ekspandirani pirinac i1i kinou i izmiksujte tako da bude sitno seckano. Dodajte oljusteni, sitno rendani dumbir i mesavinu zacina. Sve sitno sameljite, pa dodajte med. Miksujte jos minut-dva i u meduvremenu zaustavite dva puta da biste sastrugali sadrzaj sa zidova i, ako je potrebno, dodajte jos таlо meda da bi se sve lepo povezalo - trebace vremena da se smesa sjedini, zato budite strpljivi i pustite multipraktik da obavi svoje.\n Nakvasenim rukama podelite smesu na 24 dela i napravite kuglice, koje cete spustati u tanjir s prahom od indijskog oraha. Protresite da biste ih uvaljali u prah i cuvajte ih u preostalom prahu dok vam ne zatrebaju. U hermeticnoj posudi mogu da stoje do 2 nedelje.\n', 25, 86, 1, 'https://graficketable.com/wp-content/uploads/2020/12/Scan_9-300x300.jpg', 5),
(10, 'AROMATIZOVANA VODA KRASTAVAC, JABUKA I NANA', 'Iseckajte 1 jabuku, najbolje na rendetu za povrce (koristite stitnik!). Uzmite krastavac i rucnom ljustilicom napravite trake, a onda i jedno i drugo dodajte u boka1 vode s ledom. U to итеsajte nekoliko listova sveze nane\n', 5, 10, 1, 'https://graficketable.com/wp-content/uploads/2020/12/Scan_10-300x300.jpg', 4),
(11, 'AROMATIZOVANA VODA SVETOG KLEMENTA', 'Iseckajte limune, pomorandze i, ako im je seozna, crvene pomorandze i dodajte u bokal vode s ledom. Bice jos ukusnije ako dodate nekoliko listova sveze nane i1i maticnjaka.\n', 5, 10, 1, 'https://graficketable.com/wp-content/uploads/2020/12/Scan_11-300x300.jpg', 4);
INSERT INTO kolicina_sastojaka (_id, id_recept, id_sastojak, kolicina) VALUES
(1, 1, 1, '0'),(2, 1, 2, '1'),(3, 1, 3, '2'),(4, 1, 4, '2'),(5, 1, 5, '200'),(6, 1, 6, '1'),(7, 1, 7, '2'),(8, 1, 8, '2'),(9, 1, 9, '4'),
(10, 2, 10, '320'),(11, 2, 11, '1'),(12, 2, 12, '0'),(13, 2, 3, '1'),(14, 2, 15, '250'),(15, 2, 16, '10'),(16, 2, 17, '10'),(17, 2, 18, '10'),(18, 2, 19, '10'),(19, 2, 20, '10'),
(20, 3, 21, '1'),(21, 3, 3, '2'),(22, 3, 22, '5'),(23, 3, 23, '100'),(24, 3, 13, '1'),(25, 3, 24, 1),(26, 3, 1, 1),
(27, 4, 15, '10'),(28, 4, 25, '1'),(29, 4, 3, '1'),(30, 4, 26, '40'),(31, 4, 27, '20'),(32, 4, 13, '1'),(33, 4, 22, '15'),(34, 4, 28, '30'),(35, 4, 29, '30'),(36, 4, 30, '1'),
(37, 5, 31, '7'),(38, 5, 1, '30'),(39, 5, 32, '250'),(40, 5, 38, '100'),(41, 5, 33, '50'),(42, 5, 34, '30'),(43, 5, 35, '30'),(44, 5, 36, '40'),(45, 5, 37, '1'),(46, 5, 3, '4'),
(47, 6, 30, '1'),(48, 6, 22, '15'),(49, 6, 39, '200'),(50, 6, 28, '1'),(51, 6, 1, '1'),(52, 6, 14, '1'),(53, 6, 40, '1'),(54, 6, 37, '1'),(55, 6, 41, '240'),(56, 6, 8, '1'),
(58, 7, 43, '250'), (59, 7, 1, '1'), (60, 7, 42, '2'), (61, 7, 14, '1'), (62, 7, 2, '1'), (63, 7, 4, '4'), (64, 7, 26, '30'),
(65, 8, 44, '150'), (66, 8, 5, '10'),(67, 8, 1, '10'),(68, 8, 30, 'l'),(69, 8, 39, '400'),(70, 8, 26, '30'),
(71, 9, 45, '80'), (72, 9, 38, '100'), (73, 9, 16, '15'), (74, 9, 20, '30'), (75, 9, 15, '20'), 
(76, 10, 46, '20'), (77, 10, 47, '80'), (78, 10, 48, '80'), 
(79, 11, 30, '3'), (80, 11, 46, '20'), (81, 11, 49, '2');
INSERT INTO sastojak (_id, sastojak, merna_jedinica) VALUES
(1, 'maslinovo ulje', 'ml'), (2, 'crvena ljuta papricica', 'kom'), (3, 'jaje', 'kom'), (4, 'paradajz', 'kom'),
(5, 'crveni luk', 'gr'), (6, 'limeta', 'kom'), (7, 'avokado', 'kom'), (8, 'integralni hleb sa semenkama', 'parce'),
(9, 'korijandra', 'g'), (10, 'borovnica', 'g'), (11, 'banana', 'kom'), (12, 'mleko', 'l'), (13, 'paradajz crni lepotan', 'kom'),
(14, 'crni luk', 'g'), (15, 'integralno brasno', 'g'), (16, 'cimet', 'g'),  (17, 'orah', 'g'), (18, 'pekan', 'g'), (19, 'lesnik', 'g'),
(20, 'med', 'g'),
(21, 'razani hleb ', 'parce'),
(22, 'parmezan', 'g'),
(23, 'spanac', 'kg'),
(24, 'cili sos', 'gr'),
(25, 'prasak za pecivo', 'kom'),
(26, 'sitan sir', 'g'),
(27, 'dimljena sunka', 'g'),
(28, 'grcki jogurt', 'l'),
(29, 'rukola', 'g'),
(30, 'limun', 'kom'),
(31, 'suvi kvasac', 'g'),
(32, 'brasno od leblebije', 'g'),
(33, 'lan', 'g'),
(34, 'suncokret', 'g'),
(35, 'susam', 'g'),
(36, 'bundeva', 'g'),
(37, 'ruzmarin', 'grancica'),
(38, 'mleveni badem', 'g'),
(39, 'fileti incuna', 'g'),
(40, 'rimska salata', 'g'),
(41, 'pileci file', 'g'),
(42, 'manje tortilje od integralnog brasna', 'kom'),
(43, 'slatki krompir', 'g'),
(44, 'spageti', 'g'),
(45, 'kajsije', 'g'),
(46, 'nana', 'g'),
(47, 'krastavac', 'g'),
(48, 'jabuka', 'g'),
(49, 'pomorandze', 'kom');